data point ID,adjudicated,label,text
0,adjudicated,lame,What do you call a bear that is missing his ears? B.
1,adjudicated,witty,What do you call a factory that makes okay products. A satisfactory.
2,adjudicated,lame,Why did the boy bring a ladder on the bus? He wanted to go to high school.
3,adjudicated,witty,I just broke up with my mathematician girlfriend. She was obsessed with an X.
4,adjudicated,witty,Getting paid to sleep would be my dream job.
5,adjudicated,witty,What do you call a cheese that isn’t yours? Nacho cheese!
6,adjudicated,witty,Have you heard about the chocolate record player? It sounds pretty sweet.'
7,adjudicated,lame,"""Your wife and daughter look like twins,"" my friend said. ""Well,"" I replied, ""they were separated at birth."""
8,adjudicated,witty,Why can’t a leopard hide? Because he’s always spotted.
9,adjudicated,witty,Where’s the one place you should never take your dog? A flea market.
10,adjudicated,witty,Why was the traffic light late to work? It took too long to change.
11,adjudicated,lame,"In America, using the metric system can get you in legal trouble."
12,adjudicated,witty,"A Dachshund and a Labrador are walking together when the former suddenly unloads on his friend. “My life is a mess,” he says. “My owner is mean, my girlfriend ran away with a Pomeranian and I’m as jittery as a cat.”“Why don’t you go see a psychiatrist?” suggests the Labrador.*“I can’t. I'm not allowed on the couch.”*"
13,adjudicated,lame,"Dating a girl with an OnlyFans is a lot like having your own private, reserved parking spot. Anyone and everyone can see it, but only you actually get to use it."
14,adjudicated,witty,I had to sell my vacuum cleaner. All it was doing was gathering dust.
15,adjudicated,funny,"It's easy to convince ladies not to eat Tide Pods, but harder to deter gents."
16,adjudicated,lame,"The secret service isn't allowed to yell ""Get down!"" anymore when the president is about to be attacked. Now they have to yell ""Donald Duck!"""
17,adjudicated,lame,My sister-in-law is an archaeologist. Only person I’ve known that is excited to find a bone in her chicken.
18,adjudicated,witty,What group of people never get angry? Nomads.
19,adjudicated,witty,Why is calcium vital in the brass instrument manufacturing industry? Because calcium helps build trombones
20,adjudicated,funny,I think my wife is a weather forecaster... A guy called up asking if the coast was clear.
21,adjudicated,witty,Did you know the first French fries weren't actually cooked in France? They were cooked in Greece.
22,adjudicated,witty,Why are butter jokes so hard to make? Because there is no margarine for error.
23,adjudicated,funny,The guy who stole my diary died yesterday. My thoughts are with his family.
24,adjudicated,witty,Struggling to think of what to buy someone for Christmas? Get theme a fridge and watch their face light up when they open it.
25,adjudicated,witty,"Little known fact, the mods of /r/Jokes are all actually Peruvian owls… I think they're Inca hoots…"
26,adjudicated,witty,All vampires keep their money in a special place—the blood bank.
27,adjudicated,witty,"My friend claims he glued himself to his autobiography. I don't believe him, but that's his story and he's sticking to it. "
28,adjudicated,witty,How many narcissists does it take to screw in a light bulb? One. The narcissist holds the light bulb while the rest of the world revolves around him.
29,adjudicated,witty,Wanna hear a joke about construction? I'm still workin' on it!
30,adjudicated,funny,My wife is really mad that I have no sense of direction. I packed up my stuff and right.
31,adjudicated,witty,Without geometry life is pointless.
32,adjudicated,witty,Every date I’ve ever had has been like my WiFi signal. No Connection.
33,adjudicated,witty,"I have a joke about paper, but it’s tearable."
34,adjudicated,witty,"Women should not have children after 36—really, 36 children is enough. "
35,adjudicated,witty,How do you follow Will Smith in the snow?' 'You follow the fresh prints.'
36,adjudicated,lame,What did one snowman say to the other snow man? Do you smell carrot?
37,adjudicated,witty,"I'm so good at sleeping, I can do it with my eyes closed!  I can do it with my eyes closed!"
38,adjudicated,funny,Two cannibals are eating a clown. One says to the other: “Does this taste funny to you?”
39,adjudicated,funny,"I didn't want to believe that my dad was stealing from his job as a traffic cop, but when I got home, all the signs were there."
40,adjudicated,witty,I tried to get a smart car the other day but they sold out too fast. Why? I guess I'm just a bit slow.
41,adjudicated,lame,What do you call a sad cup of coffee? Depresso.
42,adjudicated,witty,What kind of doctor is Dr. Pepper? A fizzician.
43,adjudicated,funny,People in Athens rarely get up before sunrise. Dawn is tough on Greece.
44,adjudicated,lame,What’s worse than biting into an apple and finding a worm? Biting into an apple and finding half a worm.
45,adjudicated,funny,"As I get older, I remember all the people I lost along the way. Maybe a career as a tour guide was not the right choice. "
46,adjudicated,witty,I'm reading a book about anti-gravity. It's impossible to put down.
47,adjudicated,witty,"What kind of noise does a witch’s vehicle make? Brrrroooom, brrroooom."
48,adjudicated,lame,"A guy's credit card gets stolen, and after a couple of months he finally goes to the police to report it. Cop: Why didn't you report your stolen credit card before now?Guy: The thief was spending less money than my wife.Cop: Then why are you reporting it now?Guy: I think the thief's wife started using it."
49,adjudicated,funny,Do you think glass coffins will be a success? Remains to be seen.
50,adjudicated,lame,5/4 of people admit that they’re bad with fractions.
51,adjudicated,lame,"Guy A signs up for a haircut promotion where he pays a one time fee of $100 for unlimited haircuts, whereas Guy B said no to the promotion. Why does Guy B feel so much pain every time he gets a hair cut? Pay Per Cut."
52,adjudicated,witty,"I want to go on record that I support farming. As a matter of fact, you could call me protractor. "
53,adjudicated,witty,What does a hermit crab call its home? Michelle
54,adjudicated,lame,"Marriage involves three rings: The engagement ring, the wedding ring, and the suffer-ring."
55,adjudicated,witty,Just finished cleaning my grill. It was grate.
56,adjudicated,funny,"“I bought the world’s worst thesaurus yesterday. Not only is it terrible, it’s terrible.”"
57,adjudicated,witty,I used to run a dating service for chickens. But I was struggling to make hens meet.
58,adjudicated,witty,Why did the football coach go to the bank? To get his quarter back.
60,adjudicated,witty,Why was Hitler mad when Germany lost the war? He did Nazi it coming.
61,adjudicated,witty,I hated facial hair but then it grew on me.
62,adjudicated,lame,"I recently received a letter about my donkey dying, but as I was reading it, a gust of wind caught it and blew it up into the sky. It became an ass ending sending ascending."
63,adjudicated,lame,Why was the belt sent to jail? For holding up a pair of pants!
64,adjudicated,witty,What do you call a fake noodle? An impasta.
65,adjudicated,witty,Who were the greenest Presidents in US history? The bushes.
66,adjudicated,witty,SpongeBob may be the main character of the show. But Patrick is the star.
67,adjudicated,witty,What does a zombie vegetarian eat? “GRRRAAAIINS!”
68,adjudicated,witty,I’m an expert at picking leaves and heating them in water. It’s my special tea.
69,adjudicated,lame,"What did the banana say to the boy? Nothing, bananas can't talk! "
70,adjudicated,witty,Everyone in my neighbourhood wears woolen jumpers that are a size too small for them.... We are a very tight knit community.
71,adjudicated,witty,How does Moses make his coffee? Hebrews it.
72,adjudicated,funny,My local hair dresser just got charged with drug dealing. I am shocked. I've been a customer of his for years. He never told me he cut hair.
73,adjudicated,witty,How does a penguin build its house? Igloos it together.
74,adjudicated,witty,If a pig loses its voice…does it become disgruntled?
75,adjudicated,witty,"I was in a grocery store when a man started to throw cheese, butter and yoghurt at me. How Dairy! "
76,adjudicated,lame,"Eddie Money, Eddie Rabbit, and Eddie Van Halen are all teaming up to make a new album! The first ever album brought to you by Ed, Edd, and Eddie."
77,adjudicated,witty,I tossed a yield sign into a tornado once. Guess I was throwing caution to the wind.
78,adjudicated,witty,Where do burgers go dancing? At the meatball.
80,adjudicated,witty,How does a hurricane see? With one eye.
81,adjudicated,funny,Why doesn't Barbie get pregnant? Because Ken cums in another box.
82,adjudicated,lame,I tried watching The Neverending Story. Couldn't finish it.
83,adjudicated,witty,What has four wheels and flies? A garbage truck.
84,adjudicated,lame,"I hope someone comes across this distress signal Damn it, I used the wrong flare"
85,adjudicated,witty,Why is it so cheap to throw a party at a haunted house? Because the ghosts bring all the boos.
86,adjudicated,witty,I can't take my dog to the pond anymore because the ducks keep attacking him. That's what I get for buying a pure bread dog.
87,adjudicated,witty,"If the early bird gets the worm, I'll sleep in until there's pancakes. "
88,adjudicated,lame,"I call my wife Bambi, she thinks it's because she is cute with big brown eyes. But in reality I just hope someone shoots her mother with a hunting rifle."
89,adjudicated,witty,"Can February March? No, but April May!"
90,adjudicated,witty,Singing in the shower is fun until you get soap in your mouth. Then it's a soap opera.'
91,adjudicated,witty,What's a ninja's favorite type of shoes? Sneakers!
92,adjudicated,witty,What do you call a lazy kangaroo? Pouch potato.
93,adjudicated,witty,Where do math teachers go on vacation? Times Square.
94,adjudicated,funny,What did the grape do when he got stepped on? He let out a little whine.
95,adjudicated,witty,6:30 is hands down the best time on the clock.
96,adjudicated,witty,Why do panda bears keep buying bamboo? They just like the stock!
97,adjudicated,witty,Why was the beach next to the power plant closed? Because it is spark infested waters.
98,adjudicated,lame,"“Siri,” I asked my phone, “why am I so bad with women?"" She responded, “I’m Bixby, you moron.”"
99,adjudicated,funny,"My landlord told me we need to talk about the heating bill. 'Sure,' I said. 'My door is always open.' "
100,adjudicated,lame,"A man gets himself a date and decides to surprise the girl with some flowers. He walks into a flower shop and the florist asks ""Hey, what are you looking for, specifically?""The man says ""To have sex"""
101,adjudicated,witty,"Justice is a dish best served cold. If it were served warm, it would be justwater."
102,adjudicated,witty,After dealing with dad-jokes all winter... I'm hoping to get him back this summer with some son-burns.
103,adjudicated,witty,"Do you wanna box for your leftovers?' 'No, but I'll wrestle you for them.' "
104,adjudicated,lame,How do you get a squirrel to like you? Act like a nut.'
105,adjudicated,witty,What do you call a fly without wings? A walk.
106,adjudicated,witty,What do you call an authoritarian couch potato? A dictator tot
107,adjudicated,lame,What is the best way to hand feed a crocodile? Very carefully.
108,adjudicated,witty,What happens when a frogs car dies? He needs a jump. If that doesn't work he has to get it toad.
109,adjudicated,witty,I was reading a great book about an immortal dog the other day. It was impossible to put down.
110,adjudicated,witty,Did you hear the story about the haunted lift? It really raised my spirits!
111,adjudicated,funny,What did the scientist said after mixing oxygen and magnesium? O Mg
112,adjudicated,lame,"My daughter's boyfriend introduced himself to me and said, 'Hello, sir, I'm David. Nice to meet you.' He put out his hand and I said, 'David, are you nervous?' He said no, so I grabbed his hand, looked him in the eyes, and said, 'Then why are you shaking?'"
113,adjudicated,witty,I just spent $300 on a limo and learned it doesn't come with a driver. I can't believe I have nothing to chauffer it.
114,adjudicated,lame,What do you call a guy with two dicks? Ambidextrous.
115,adjudicated,witty,"Mom is mad at me because she asked me to sync her phone, so I threw it in the ocean."
116,adjudicated,witty,"I just don't trust stairs, they're always up to something."
117,adjudicated,lame,How do you get red color from green color? You put frog in mixer
118,adjudicated,funny,I used to be addicted to the hokey-pokey until I turned myself around.
119,adjudicated,witty,Why did the man fall down the well? Because he couldn't see that well!
120,adjudicated,witty,"Did you hear the one about the roof? Never mind, it's over your head."
121,adjudicated,witty,"After an unsuccessful harvest, why did the farmer decide to try a career in music? Because he had a ton of sick beets."
122,adjudicated,witty,I can’t believe Comic Con 2020 got cancelled because of covid 19! It was the one group of people who were 100% guaranteed to wear masks.
123,adjudicated,witty,How do cows stay up to date? They read the Moo-spaper.
124,adjudicated,witty,What brand of underwear do scientists wear? Kelvin Klein.
125,adjudicated,lame,What kind of bird works on a construction site? A crane.
126,adjudicated,witty,Yogurt is the most high class dairy product to buy. It’s so cultured.
127,adjudicated,lame,Why are pigs so bad at sports? They always hog the ball.
128,adjudicated,lame,I was going to make a Star Wars joke today... But I didn't want to fourth it.
129,adjudicated,witty,I only know 25 letters of the alphabet—I don't know y.
130,adjudicated,witty,What is the most philosophical book? The dictionary. It provides the meaning of everything.
131,adjudicated,funny,I asked my dog what's two minus two. He said nothing.
132,adjudicated,witty,Bill Gates is the best person to deal with a pandemic He's been dealing with viruses since Windows 95
133,adjudicated,witty,"My dad died because he couldn’t remember his blood type. He kept insisting we “be positive,” but it’s just so hard without him."
134,adjudicated,witty,I catered a movie night where they watched titanic. Safe to say the iceberg lettuce wraps didn’t go over well.
135,adjudicated,witty,Why did the coffee file a police report? It got mugged.
136,adjudicated,lame,My friend who was new to the internet asked me for a link to a translator When he received it he told me 'this is the link for r/jokes'I replied 'yeah everyone there's currently translating jokes from many languages '
137,adjudicated,witty,"What did the photon say when asked if she needed to check a bag? ""No thanks, I'm traveling light!"""
138,adjudicated,witty,Did you hear about the cartoonist found dead at his home? Details are sketchy.
140,adjudicated,witty,What does a bee use to brush its hair?' 'A honeycomb!'
141,adjudicated,witty,Why was the broom late to class? It over-swept.
142,adjudicated,witty,What kind of cars do eggs drive? Yolkswagens.
143,adjudicated,witty,I ordered a chicken and an egg online. I’ll let you know what comes first.
144,adjudicated,witty,I was going to record a video of me playing the violin but... I didn't want to fiddle with the camera
145,adjudicated,funny,How does a taco say grace?' 'Lettuce pray.'
146,adjudicated,witty,"I built a model of Mount Everest and my son asked if it was to scale. 'No,' I said. 'It's to look at.' "
147,adjudicated,witty,Within minutes the detectives knew what the murder weapon was. It was a brief case.
148,adjudicated,witty,What happens when a strawberry gets run over crossing the street?' 'Traffic jam.'
149,adjudicated,lame,Israel Health minister who previously claimed that CORONA Virus is “divine punishment against homosexuality.” Has tested positive for the virus!!!
150,adjudicated,witty,What's the difference between a well-dressed man on a unicycle and a poorly-dressed man on a bicycle? Attire.
151,adjudicated,witty,"Air used to be free at the gas station, now it costs 2.50. You want to know why? Inflation. "
152,adjudicated,funny,"My wife said I ruined her birthday. I’m not sure how I did that, I didn’t even KNOW it was her birthday!"
153,adjudicated,witty,What did the plumber say to the singer? Nice pipes.
154,adjudicated,witty,What do dogs and phones have in common? Both have collar ID.
155,adjudicated,witty,I was thinking of getting a job at the U.S. Mint Can you imagine the amount of money I would make?
156,adjudicated,witty,What made the tomato blush? It saw the salad dressing.
157,adjudicated,witty,What is Jorah Mormonts favorite printer settings? Grayscale
158,adjudicated,lame,Did you hear Buffalo Bill reformed and is now a pick up artist and skin care specialist? He puts the lotion in the basket and then he gets the hoes again
159,adjudicated,witty,Did you hear about the cold dinner? It was chili.
160,adjudicated,witty,"What vegetable is cool, but not that cool? Radish."
162,adjudicated,lame,"A very drunk guy starts beating up a nun on the street He throws kicks, uppercuts, regular punches, even some drunk karate moves.Once he is exhausted he steps back and says ""You disappoint me, Batman"""
163,adjudicated,lame,"German tourist visits Poland Guy at the airport: Nationality?German dude: GermanGuy at the airport: Occupation?German dude: Nein, nein, only vacation."
164,adjudicated,lame,Dating life If my relationship doesn't work out I want to be a suicide hotline doctor... I need a nice way to meet chicks with no strings attached.
165,adjudicated,witty,Why did the scarecrow win an award? Because he was outstanding in his field.
166,adjudicated,witty,"Did you hear about the kidnapping at school? It's okay, he woke up.' "
167,adjudicated,witty,Did you hear the one about the claustrophobic astronaut? He just needed a little space.
168,adjudicated,witty,I asked 10 people what LGTBQ standed for… Couldn’t get a straight answer!
169,adjudicated,funny,I told my wife that a husband is like a fine wine: we just get better with age. The next day she locked me in the cellar.
170,adjudicated,witty,To the person who stole my glasses: I will find you. I have contacts.
171,adjudicated,witty,What's a lawyer's favorite drink? Subpoena colada.
172,adjudicated,witty,What did the proton say to the electron? Stop being so negative all the time!
173,adjudicated,lame,I have been calculating the surface of the Earth in flat-earth point of view. And they were right saying that the government had been hiding much land and the surface is actually larger. How else would they be able to walk that far to fool themselves.
174,adjudicated,witty,"I'm Buzz Aldrin, second man to step on the moon. Neil before me."
175,adjudicated,witty,What did the blacksmith say to the knight when he delivered the knight’s new armor? You’ve got mail
176,adjudicated,witty,"I’d like to have kids one day. I don’t think I could stand them any longer than that, though."
177,adjudicated,lame,"Grandson asks his grandfather Grandpa, is it true, that during the WW2 you took down six German planes?Well, grandson, take down is a strong word, let’s say, not fully fueled."
178,adjudicated,witty,"If April showers bring May flowers, what do May flowers bring?' 'Pilgrims.' "
179,adjudicated,funny,My wife gave me an ultimatum: Her or my addiction to sweets. The decision was a piece of cake.
180,adjudicated,witty,How did the pirate get his ship for so cheap? It was on sail.
181,adjudicated,lame,"I was playing chess with my friend and he said, “Let’s make this interesting.” So we stopped playing chess."
182,adjudicated,lame,I am in the hospital because my cousin’s brother swallowed a 16gb memory card and he is singing all songs in it Were hoping it doesn't reach video folder...
184,adjudicated,lame,I find it hard to talk openly about the holes in my hands and feet Just feels likes there’s a lot of stigmata attached
185,adjudicated,lame,Why did the horny rebellion only last two minutes? Because everyone came
186,adjudicated,lame,What’s the most common form of birth control at Hogwart’s? *Coitus Interruptus*
187,adjudicated,witty,What rock group has four men who don't sing? Mount Rushmore.
189,adjudicated,funny,"A kid decided to burn his house down. His dad watched, tears in his eyes. He put his arm around the mom and said, 'That’s arson.' "
190,adjudicated,funny,What has five toes and isn't your foot? My foot.
191,adjudicated,witty,I wouldn't buy anything with velcro. It's a total rip-off.
192,adjudicated,witty,What did the buffalo say to his son when he dropped him off at school? Bison.
193,adjudicated,lame,"Son: ""What's that Daddy?"" (*pointing at Mummy getting out of the shower*)... Daddy: ""That's where mummy was hit by an axe, that's her axe wound.""Son: ""Wow, bloody good shot, got her right in the cunt."""
194,adjudicated,witty,Why do dads take an extra pair of socks when they play golf? In case they get a hole in one.
197,adjudicated,witty,It takes guts to be an organ donor.'
198,adjudicated,lame,"My doctor was really impressed with the amount of hair I had on the scalp for my hair transplant However, he was a *bit* concerned that the scalp was not mine"
199,adjudicated,witty,Did you hear about the cantaloupe that went to a therapist? I guess it was feeling Meloncholy.
200,adjudicated,witty,Did you hear about the hungry clock. It went back four seconds.
201,adjudicated,witty,How does a man on the moon cut his hair? Eclipse it.
202,adjudicated,witty,What did the sink tell the toilet? You look flushed!
204,adjudicated,witty,Why do vampires always seem sick? They're coffin.
205,adjudicated,funny,We all know about Murphy's Law: anything that can go wrong will go wrong. But have you heard of Cole's Law? It's thinly sliced cabbage.
206,adjudicated,witty,What's a tornado's favorite game? Twister!
208,adjudicated,funny,"""Cop: I'm arresting you for downloading the entire Wikipedia."" Man: ""Wait! I can explain everything!"""
210,adjudicated,lame,Why did Novak Djokovic pay for his flight to Australia with a Mastercard? Because his Visa didn’t work.
212,adjudicated,lame,What has one horn and gives milk? A milk truck.
214,adjudicated,witty,What room is useless for a ghost? A living room
215,adjudicated,lame,Did you hear Bruce Springsteen changed the lyrics to one of his songs? What’s he going to change next—his hair? His clothes? His face?
216,adjudicated,lame,"How many telemarketers does it take to change a light bulb? Only one, but he has to do it during dinner."
217,adjudicated,funny,I tried to explain to my 4-year-old son that it’s perfectly normal to accidentally poop your pants. But he’s still making fun of me.
219,adjudicated,witty,"kid: mom, can I get $20?”  mom: does it look like I’m made of money?  kid: well, isn’t that what M.O.M stands for?"
220,adjudicated,witty,What do you call a medieval lamp? A knight light.
221,adjudicated,funny,What did Yoda say when he saw himself in 4K? HDMI.
222,adjudicated,witty,Why did Charlie Brown take his pole dancing routine so seriously? He was tired of doing comic strips.
223,adjudicated,lame,Killer whales are great musicians but there's one instrument they just won't play The orcana
224,adjudicated,witty,What do you call a cow with no legs? Ground beef!
225,adjudicated,lame,What's the difference between a cop and a hermit crab? A cop ejects shells much more often
226,adjudicated,witty,"Of all the inventions of the last 100 years, the dry erase board has to be the most remarkable."
227,adjudicated,witty,I was just reminiscing about the beautiful herb garden I had when I was growing up. Good thymes.
228,adjudicated,witty,Why did the whale blush? It saw the ocean’s bottom.
229,adjudicated,lame,What did the sliced loaf say to the uncliced loaf? OK bloomer.
230,adjudicated,witty,What do you call a cow with a twitch? Beef Jerky.
232,adjudicated,lame,What do cows like to read? Cattle-logs.
233,adjudicated,funny,They say you should test your fire alarm once a month... But it's costing me a fortune in houses!
234,adjudicated,lame,What religion are crows? Birddism.
235,adjudicated,witty,"If two vegetarians get in an argument, is it still called beef? "
236,adjudicated,funny,What did the fisherman do when he really liked a woman? He invited her over to net fish and krill.
237,adjudicated,witty,To the person who stole my depression medication: I hope you're happy now.
238,adjudicated,funny,My psychiatrist wrote on my evaluation form that I have ocd. I had to correct it to OCD.
239,adjudicated,lame,Why did the nose feel sad? It was always getting picked on.
240,adjudicated,witty,"If you see a robbery at an Apple store, does that make you an iWitness?"
241,adjudicated,witty,My wife and I let astrology get between us. It Taurus apart.
242,adjudicated,lame,What do you call a fibbing cat? A lion.
243,adjudicated,witty,What did the T-Rex use to cut wood? A dino-saw.
244,adjudicated,witty,What kind of magic do cows believe in? Moodoo!
245,adjudicated,witty,What do you call a cow with two legs? Lean beef.
246,adjudicated,witty,What do you call a toothless bear? A gummy bear!
247,adjudicated,funny,Not to brag but I made six figures last year. I was also named worst employee at the toy factory.
248,adjudicated,witty,Why was the clam limping on Monday morning? Because he went clubbing at the weekend and pulled a mussel.
249,adjudicated,lame,I would avoid the sushi if I was you. It’s a little fishy.
252,adjudicated,funny,I wasn't going to get a brain transplant. But then I changed my mind.
253,adjudicated,witty,What kind of cars do ghosts drive? Boo-gattis.
254,adjudicated,funny,Why do you never see elephants hiding in trees? Because they’re so good at it!
255,adjudicated,lame,Why is it wrong to bully people in wheel chair? Because they can't stand up for themselves.
257,adjudicated,funny,"So, Jesus and Satan are sitting on a park bench one day ...just chilling, and Satan asks, ""Hey JC, what's it called when little chunks of ice fall from the sky? It's not like I get to see it very often.""Jesus says, ""Hail, Satan.""And Satan's all like, ""YEEEEEAH, BOI!""And Jesus is all like, ""Oh, you."""
258,adjudicated,lame,Why some people didn't like Hollow Knight? The game was full of bugs.
259,adjudicated,witty,What kind of fruit do ghosts like? Boo-berries.
260,adjudicated,funny,The guy from the damn Daniel vine was arrested for kidnapping children. You could say that he was back at it again with the white vans.
261,adjudicated,funny,"My wife screamed ""you haven't listened to a single word I've said, have you?!"" What a weird way to start a conversation..."
263,adjudicated,witty,Did you know your pupils are the last part to stop working when you die? They dilate.
265,adjudicated,witty,A red and blue ship have collided in the Carribean sea. Apparently the suvivors are marooned.
267,adjudicated,witty,How do you spell “candy” with just two letters? C and Y.
268,adjudicated,witty,What do you call someone who is fluent in 3 languages and marginally conversant in 4th? Pi-Lingual.
269,adjudicated,funny,"When I was a kid, my mother told me I could be anyone I wanted to be. Turns out, identity theft is a crime."
271,adjudicated,funny,I wonder what my parents did to fight boredom before the internet. I asked my eighteen brothers and sisters but they didn’t have any idea either.
273,adjudicated,funny,"On my first day working at a bank an old lady walked in and asked if I could help her check her balance. I said, ""Ma'am, are you sure?""She replied, ""Yes if you don't mind.""So I gave her a slight push and she tipped right over."
274,adjudicated,witty,I heard there is a new shop called Moderation. They have everything in there.
275,adjudicated,lame,"An oxygen atom was looking forward to a threesome, Instead the poor guy got ozoned."
276,adjudicated,lame,What joke is the same in all european languages? USA
279,adjudicated,funny,I asked a friend over for Netflix and Chill and put on Toy Story Within 30 minutes I had a friend in me
281,adjudicated,witty,"I went to a really emotional wedding last week, even the cake was in tiers!"
282,adjudicated,witty,I thought about going on an all-almond diet. But that's just nuts.
283,adjudicated,witty,What happens when it rains cats and dogs? You have to be careful not to step in a poodle.
284,adjudicated,witty,Which bear is the most condescending? A pan-duh.
285,adjudicated,witty,"I'm color blind and the other day I thought I could actually detect purple, but it was just a pigment of my imagination."
286,adjudicated,witty,What kind of award did the dentist receive? A little plaque.
287,adjudicated,witty,What did the two pieces of bread say on their wedding day? It was loaf at first sight.
288,adjudicated,funny,I asked my wife if I was the only one she slept with. She said yes—the others were 7’s and 8’s.
290,adjudicated,witty,"“Today my son asked me, ‘Can I have a bookmark’? I burst into tears — he’s 12 years old and still doesn’t know my name!”"
291,adjudicated,witty,To the person stole my laptop with my copy of Microsoft Office on it: I will find you. You have my Word!
292,adjudicated,funny,"Did you get a haircut? No, I got them all cut."
293,adjudicated,witty,Saw a right angle resting under a tree this afternoon and thought.... Wow! 90 degrees in the shade!!
294,adjudicated,witty,How do you make holy water? You boil the hell out of it.
296,adjudicated,witty,Did you hear the one about the kid who started a business tying shoelaces on the playground? It was a knot-for-profit.
297,adjudicated,witty,Want to know why nurses like red crayons? Sometimes they have to draw blood.
298,adjudicated,witty,Why is it a bad idea to iron a four leaf clover? Because you shouldn’t press your luck!
299,adjudicated,witty,What do you call an elephant that doesn't matter? An irrelephant.'
300,adjudicated,witty,"I have a few jokes about retired people, but none of them work."
301,adjudicated,witty,Is this pool safe for diving? It deep ends.'
302,adjudicated,witty,What do computers eat for a snack? Microchips.
303,adjudicated,witty,Why haven’t aliens visited our Solar System yet? They looked at the reviews… only 1 star!
304,adjudicated,funny,"If you're feeling depressed, try drinking a gallon of water before you go to sleep. It'll give you a reason to get out of bed in the morning."
305,adjudicated,lame,My coach told me to bring out the tiger in me during our football game. I didn't want to waste any of my favorite frosted flakes cereal.
306,adjudicated,lame,What do you call a fish with two knees? A two-knee fish!
307,adjudicated,witty,Why was 2019 afraid of 2020? Because they had a fight and 2021.
308,adjudicated,lame,"In Blackjack, why do they call ""17"" the mother in law? Why?'Cause sometimes u wanna hit it but u can't"
309,adjudicated,witty,"If a child refuses to sleep during nap time, are they guilty of resisting a rest?"
311,adjudicated,witty,What happens when you don’t pay your exorcist? You get repossessed.
312,adjudicated,lame,What did the Chimney say to his son?You are too young to smoke
313,adjudicated,witty,What do call a criminal landing an airplane? ConDescending.
315,adjudicated,lame,How do you know you've mistaken a bull for a cow? The taste of the milk.
316,adjudicated,witty,"A college education now costs $100,000, but it produces three very proud people—the student, his mama, and his pauper. "
317,adjudicated,funny,What do you call a Frenchman wearing sandals? Philippe Flop.
318,adjudicated,lame,I do online classes like games... Blameit all on my internet.
321,adjudicated,witty,Where do you learn all about ice cream? Sundae school.
322,adjudicated,lame,Did you hear about the 12-inch dog? It was a foot long.
323,adjudicated,witty,What do farmers wear? Crop-tops!
325,adjudicated,funny,My parents raised me as an only child. Which really annoyed my younger brother.
326,adjudicated,funny,"I had a dream that I weighed less than a thousandth of a gram. I was like, 0mg."
328,adjudicated,lame,"My grandmother was famous for growing delicious strawberries. She made me promise that when she died, I would plant her strawberries on top of her grave so that people could enjoy them when they visited.I fulfilled my promise.She’s dead and berried."
329,adjudicated,funny,"Yesterday, I was washing the car with my son. He said, “Dad, can’t you just use a sponge?”"
330,adjudicated,funny,"My great grandfather have a heart of a lion, eye of an eagle, and.... A lifetime ban from the zoo"
331,adjudicated,witty,"Did you hear they arrested the devil? Yeah, they got him on possession. "
332,adjudicated,witty,I can’t find my ‘Gone in 60 seconds’ DVD. It was here a minute ago.
334,adjudicated,lame,"In my younger days, if I had to use the bathroom I could just hold it in. Nowadays, Depend's"
335,adjudicated,lame,The most important element of public speaking? Podium
337,adjudicated,lame,"Why does the physicist call everyone when they're stressed? Bc with a series connection, the voltage is divided."
339,adjudicated,funny,I’m thinking about removing my spine. I feel like it’s only holding me back.
341,adjudicated,witty,How do you make 7 even? You take away the s.
343,adjudicated,funny,What’s more unbelievable than a talking dog? A spelling bee.
345,adjudicated,witty,How do you throw a party in outer space? You planet.
347,adjudicated,witty,Where did the cat go after losing its tail? The retail store.
349,adjudicated,funny,The difference between a numerator and a denominator is a short line. Only a fraction of people will understand this
350,adjudicated,witty,My iPhone was stolen today... ...I hope the thief will face time.
352,adjudicated,funny,"Son: Dad, have you seen my sunglasses? Dad: No, have you seen my dad glasses?"
353,adjudicated,lame,I thought the dryer was shrinking my clothes. Turns out it was the refrigerator all along.
354,adjudicated,lame,February is Eczema awareness month.... I am raising money by selling scratch cards.
355,adjudicated,witty,What do you call Batman when he keeps skipping mass? Christian Bale.
356,adjudicated,witty,Why didn't the Pope go to the beach once he learnt trigonometry? sin cos tan
357,adjudicated,funny,"Do you know the last thing my grandfather said to me before he kicked the bucket? “Grandson, watch how far I can kick this bucket.”"
358,adjudicated,witty,Why can't your hand be 12 inches long? Because then it would be a foot.
359,adjudicated,witty,How many Amazonian fish does it take to kill a Frozen character? Just one per Anna.
360,adjudicated,funny,"A man walks into a bar. The bartender asks, ""What do you want?"" The man says, ""Oh, just some fruit punch."" The bartender sighs and shakes his head, ""If you want punch, you're gonna have to wait in line."" The man looks around, but there is no punchline."
361,adjudicated,witty,How do flat-earthers travel? On a plane.
362,adjudicated,witty,What's the best way to watch a fly fishing tournament? Live stream.'
363,adjudicated,lame,"Pouring rain, New York City. A drunk hails a cab. Cabbie rolls down the window, the drunk man says ""hey mister, do you have room for half a chicken and a six-pack in here""?Annoyed, the cabbie says ""sure""the drunk says BLUGHHHHHH"
364,adjudicated,funny,"In 2017 I didn't do a marathon. I didn't do one in 2018, 2019, or 2020, either. This is a running joke. "
365,adjudicated,witty,Two peanuts went walking down the street. One was assaulted.
366,adjudicated,lame,"A teenage potato brings her boyfriend home to meet the parents. ""So, what do you do for work?"" asks the inquisitive father potato. “Oh, I work for a TV company as a sportscaster."" The father potato is furious and tells the boyfriend to leave immediately. “Why did you do that daddy?!” shrieks the distraught daughter, eyes wide.The father shouts, “I’m not having *my* daughter hanging around with a commentator!"""
367,adjudicated,lame,Dad I was thinking Ahhh!!! So that's whats burning.
369,adjudicated,lame,"I was sitting on the back porch with my wife when I suddenly blurted out, ""I love you."" ""Is that you or the beer talking?"" she asked. I answered, ""It's me... talking to my beer."""
370,adjudicated,witty,How you fix a broken pumpkin? With a pumpkin patch.
371,adjudicated,witty,"My dad was born a conjoined twin, but separated at birth. So I have an uncle, once removed."
372,adjudicated,witty,"If I had to smell like two things for the rest of my life, I'd pick lavender and citrus. But that's just my two scents."
373,adjudicated,funny,I inherited hypertension from my granny. She taught me to take everything with a grain of salt.
374,adjudicated,witty,The world tongue-twister champion just got arrested. I hear they're gonna give him a really tough sentence.
375,adjudicated,witty,I don’t trust those trees. They seem kind of shady.
376,adjudicated,witty,What's the best smelling insect?' 'A deodor-ant.'
377,adjudicated,lame,"If cartoon characters become real, who would attract most women? Pinocchio"
378,adjudicated,witty,"My homeboy got rear-ended on a motorcycle wearing a bright green shirt, with shiny red hair: It kind of makes sense.... It was hard to miss him"
379,adjudicated,funny,"A rancher had only had 48 cows on his property, but when he rounded them up he had 50."
381,adjudicated,witty,You can't trust atoms. They make up everything!
382,adjudicated,lame,Shouldn’t the “roof ' of your mouth actually be called the ceiling?
383,adjudicated,witty,"Why did the man put his money in the freezer? He wanted cold, hard cash."
384,adjudicated,lame,Two aerials get married. The ceremony was rubbish - but the reception was brilliant.
386,adjudicated,witty,"Trump's Staff picked their favorite instruments and the choice was unanimous Lyres, all of them"
387,adjudicated,witty,Have you ever tried to eat a clock? It's very time consuming.
388,adjudicated,funny,A guy walks into a bookstore and asks for a book on Pavlov and Schrodinger. The book keeper says it rings a bell but he doesn't know if it is there or not.
389,adjudicated,witty,I dreamt about drowing in an ocean made of orange soda last night. It took me a while to work out it was just a Fanta Sea.
390,adjudicated,funny,I love telling Dad jokes. Sometimes he even laughs.
391,adjudicated,witty,My therapist told me I have problems expressing my emotions. Can’t say I’m surprised.
392,adjudicated,witty,How do oysters get around? In mussel cars.
396,adjudicated,lame,If Trump wanted to avoid impeachment... ...he should’ve falsely claimed there were WMDs in Iraq
397,adjudicated,witty,What kind of car does a sheep like to drive? A lamborghini.
399,adjudicated,lame,I went to a smoke shop only to discover it’d been replaced by an apparel store.
400,adjudicated,witty,Why did the duck fall on the sidewalk? He tripped on a quack.
403,adjudicated,lame,i read on the internet there's a lot of people shooting heroin ...how is that guy still alive?
405,adjudicated,lame,Can a kangaroo jump higher than a house? Of course. Houses can't jump.
406,adjudicated,funny,What's the difference between Hitler's girlfriend and a female farmer? One bails her hay and one hails her bae.
407,adjudicated,funny,What do you call someone that plays Tenor and Alto saxophone? Bisaxual
408,adjudicated,witty,To the person who stole my case of energy drinks: I bet you can't sleep at night.
409,adjudicated,funny,What's Forrest Gump's password? 1forrest1
410,adjudicated,witty,"My wife asked me to stop singing Wonderwall' to her. I said ""Maybe...""."
411,adjudicated,lame,"It's crazy. One minute you're getting drunk as a skunk, then next thing you know, you're in the back of an ambulance. I really shouldn't be a paramedic."
413,adjudicated,witty,Did anyone hear about that country who started using balloons as currency? They ended up with a massive inflation problem.
415,adjudicated,lame,50 Shades He slowly but firmly grabs my throat. I try to say goodbye and I choke. I try to walk away and I stumble...'- 50 Shades of Macy Gray.
416,adjudicated,witty,What did Baby Corn say to Mama Corn?' 'Where's Pop Corn?'
417,adjudicated,funny,What does a painter do when he gets cold? Puts on another coat.
418,adjudicated,witty,"When my uncle Frank died, he wanted his remains to be buried in his favorite beer mug. His last wish was to be Frank in Stein. "
419,adjudicated,witty,How often do Jamaican farmers milk their cows? Every udder day
420,adjudicated,witty,"While I was walking down the street I saw someone pushing a shopping trolley The shopping trolley was fully of horseshoes, four leaf clovers and rabbits feet. I asked them what they were doing. They told me they were pushing their luck."
421,adjudicated,lame,"I helped my uncle jack off a horse My uncle jack is really heavy, so it was hard to get him off of the horse"
422,adjudicated,witty,"Seriously, she has Multiple Personality Disorder? Yeah, crazy right. Sharon is Karen."
423,adjudicated,witty,How did the chemist feel about oxygen and potassium hanging out? OK.
425,adjudicated,witty,"We’re renovating the house, and the first floor is going great, but the second floor is another story."
427,adjudicated,witty,What do you call a happy cowboy? A jolly rancher.
428,adjudicated,funny,"I ordered some Avocado Toast at a cafe, but imagine my surprise when I was given 602214076000000000000000 pieces of toasts. It was then I realized... ...I'd accidentally ordered Avogadro's Toast."
429,adjudicated,funny,Why do peppers make such good archers? Because they habanero.
430,adjudicated,witty,I don't trust a teacher who reviews every single piece of homework they give out I think they're mass-grading as someone else.
431,adjudicated,lame,The house just voted to decriminalize marijuana and Oregon recently decriminalized hard drugs. It looks like drugs is winning the war on drugs.
433,adjudicated,witty,What do you call it when a snowman throws a tantrum?' 'A meltdown.'
434,adjudicated,lame,"I got into a discussion with my coworker today about surnames. How they originated from what people were known for. Smith, shoemaker, etc. Well my great great great great great great grandfather's name was Horace P. Horsefucker. He got a bad rap. It was consensual...though the horse said neigh."
435,adjudicated,funny,"I have a joke about inferiority complexes, but it’s not very good."
439,adjudicated,witty,This graveyard looks overcrowded. People must be dying to get in there.
440,adjudicated,witty,"Lance isn't that common a name these days, but in medieval times, they were called lance-a-lot. "
441,adjudicated,witty,Time flies like an arrow. Fruit flies like a banana.
444,adjudicated,funny,"birthday card I received from my brother...Forget about the past you can't change it, forget about the future, you can't predict it, forget about the present... I didn't get you one."
446,adjudicated,lame,"The United Kingdom is to provide special support to those self-identify as gnomes, fairies or pixies... It'll be known as the National Elf Service."
447,adjudicated,witty,I locked myself out of the house earlier so I shouted through the letterbox to my cat to let me in.He said: “Me? How?”
448,adjudicated,funny,"My mother in law bought a talking parrot, but returned it a week later. ""This parrot hasn't spoke a single word."" She complained.""I haven't had a fucking chance to!"" Replied the parrot."
449,adjudicated,lame,"Clothes, but no cigar."
450,adjudicated,witty,How does a lawyer say goodbye? I'll be suing ya!
452,adjudicated,funny,"(Reversing the car) ""Ahh, this takes me back."""
453,adjudicated,funny,Why did the cucumber cross the street? Because it was green.
454,adjudicated,funny,"“What’s your name, son?” The principal asked his student. The kid replied, “D-d-d-dav-dav-david, sir.” “Do you have a stutter?” the principal asked. The student answered, “No sir, my dad has a stutter but the guy who registered my name was a real jerk.”"
455,adjudicated,witty,"A panic-stricken man explained to his doctor, 'You have to help me, I think I’m shrinking.' 'Now settle down,' the doctor calmly told him. 'You'll just have to learn to be a little patient.' "
456,adjudicated,lame,What is the difference between a freshly made pizza and a hungry jungle tiger? One tastes delicious to you and you taste delicious to one.
457,adjudicated,witty,I gave away all my used batteries today. Free of charge!
459,adjudicated,witty,What do you call a man with a rubber toe? Roberto.
460,adjudicated,funny,A sandwich walks into a bar. The barman says: 'sorry we don't serve food here'
463,adjudicated,witty,How do birds learn to fly? They wing it.
464,adjudicated,witty,What does an evil hen lay? Deviled eggs.
465,adjudicated,lame,What did settlers eat when they headed west? Oregon Trail Mix. I hope this joke doesn't die of dysentery.
471,adjudicated,witty,Did you hear about the man who fell into an upholstery machine? He's fully recovered.
472,adjudicated,lame,Until this crisis is over im going to stick to masturbation just before 8pm on Thursday evenings The neighbourhood applauding me as I finish is just the confident booster I need
473,adjudicated,witty,How do celebrities stay cool? They have many fans.
474,adjudicated,lame,An apple a day keeps the doctor away. At least it does if you throw it hard enough.
475,adjudicated,witty,What did the janitor say when he jumped out of the closet?' 'Supplies!'
476,adjudicated,lame,What's a James Cagney love scene? When he lets the other guy live.
477,adjudicated,witty,"A man argued with his wife over whether or not he stood with a hunch For months he maintained that his posture was fine. Finally, to prove her wrong, he made an appointment with a posture specialist. When he returned, his wife asked if the specialist agreed with her and helped him.  He replied, “I stand corrected.”"
478,adjudicated,witty,I don't get why bakers aren't wealthier. They make so much dough.
485,adjudicated,witty,What invention allows us to see through walls? Windows.
486,adjudicated,witty,"I was going to go on an expensive vacation with a classical pianist, but he was too baroque."
487,adjudicated,lame,Did you hear about the whale that swallowed a clown? It felt funny after.
488,adjudicated,witty,My mom told me to load the dish washer. So I got her pregnant.
489,adjudicated,witty,How do you handle a fear of elevators? You take steps to avoid them.
490,adjudicated,lame,The German women’s beach volleyball team plays against the Brazilian women’s beach volleyball team. Who wins? The audience
492,adjudicated,funny,What do you call a Muslim eating a lettuce? Saladin
494,adjudicated,witty,What type of toilets do pirates prefer? Port-a-potties.I'll sea myself out.
495,adjudicated,witty,Why do cows have hooves and not feet? They lactose.
496,adjudicated,witty,Did you know that the Earth’s gravity increases a bit on Easter Sunday? It’s cuz there’s a lot more mass.
497,adjudicated,funny,"Dad, can you explain to me what a solar eclipse is?' No sun. "
499,adjudicated,witty,"What do you call a ""Grilled Cheese"" after a few days in the fridge? Chilled Grease"
501,adjudicated,witty,Why should you never use a dull pencil? Because it’s pointless.
502,adjudicated,witty,During quarantine no one got my humor. I guess it was all the inside jokes.
503,adjudicated,funny,I called up GameStop customer support They told me to hold.
504,adjudicated,lame,"A son tells his father, 'I have an imaginary girlfriend.' The father sighs and says, 'You know, you could do better.' 'Thanks Dad,' the son says. 'That means a lot.' The father shakes his head and goes, 'I was talking to your girlfriend.' "
505,adjudicated,lame,How to let a squirrel go down from a tree? Show him your nuts!
506,adjudicated,witty,What country's capital is growing the fastest?' 'Ireland. Every day it's Dublin.'
509,adjudicated,lame,What would you do if all US currency turned in to cheese? Personally I'd just start using a swiss bank
510,adjudicated,witty,Where do Brain Surgeon Students go to study? The Hippocampus
512,adjudicated,witty,They say criminals always return to the scene of the crime. No wonder there are so many Australians in the UK.
516,adjudicated,witty,If I ever find the doctor who screwed up my limb replacement surgery…I’ll kill him with my bear hands.
518,adjudicated,witty,I only seem to get sick on weekdays. I must have a weekend immune system.
520,adjudicated,funny,How many apples grow on a tree? All of them!
523,adjudicated,witty,"I have a joke about the flu, but I hope you don’t get it."
524,adjudicated,lame,Did you hear about the walnut and cashew that threw a party? It was nuts.
526,adjudicated,witty,"A turtle is crossing the road when he’s mugged by two snails. When the police ask him what happened, the shaken turtle replies, “I don’t know. It all happened so fast. ' "
527,adjudicated,lame,What do Giraffes eat? Macaroni and leaves.
529,adjudicated,funny,How many paranoids does it take to change a light bulb? Who wants to know?
530,adjudicated,lame,My friend Stewie used to start a lot of fights That's why everyone called himBeef Stew
531,adjudicated,witty,"Two strings walk into a bar... ...the bartender says, ""What'll it be?"". The first string says, ""I'll have a gin and tonic#MV*()>SDk+!^ &@P&]JEA&#65535;Segmentation Fault"".The second string says, ""You'll have to excuse my friend, he's not null-terminated."""
532,adjudicated,witty,Why did Eminem prefer the Johnson & Johnson vaccine? You only get one shot.
534,adjudicated,funny,"I bought some shoes from a drug dealer. I don't know what he laced them with, but I was tripping all day!"
536,adjudicated,lame,What’s a skeleton’s favorite dish at a BBQ? Ribs!
537,adjudicated,lame,My wife gave birth three times and still fits in her prom dress from high school. I gave birth zero times and I don’t fit in my pants from March.
538,adjudicated,lame,What do you call a belt made of watches?' 'A waist of time.'
540,adjudicated,witty,"My parents are divorced, and my dad took it kinda hard I once asked him for an xbox, and he handed me a container of my mom's stuff."
542,adjudicated,lame,What did Trump say when he hit the button on his alarm clock but it wouldn't stop beeping? Fake snooze
543,adjudicated,funny,"Two blondes are facing each other across a wide stream. One yells to the other, 'How do you get to the other side?'  The other blonde replies, 'You are on the other side!'"
544,adjudicated,funny,How did Harry Potter get down the hill?' 'Walking. JK! Rowling.'
545,adjudicated,witty,"Why do seagulls fly over the ocean?' 'Because if they flew over the bay, we'd call them bagels.' "
547,adjudicated,witty,"If money doesn’t grow on trees, then why do banks have branches?"
548,adjudicated,lame,"What does drinking kombucha and giving blow jobs have in common? If you've ever finished one properly, you already know."
549,adjudicated,lame,What’s orange and sounds like a parrot? A carrot.
550,adjudicated,lame,"Did you hear the rumor about butter? Well, I’m not going to go spreading it!"
551,adjudicated,lame,Why do birds fly south? Because it’s too far to talk.
552,adjudicated,witty,Does anyone need an ark? I Noah guy!
554,adjudicated,funny,"Yesterday I accidentally swallowed some food colouring. The doctor says i'm ok, but i feel like i've dyed a little inside."
555,adjudicated,witty,My grandfather destroyed almost a hundred aircraft in World War Two! He must have been the worst mechanic in the Luftwaffe.
558,adjudicated,lame,Why did the girl toss a clock out the window? She wanted to see time fly.
559,adjudicated,lame,"A man is on trial for cannibalism. The judge asks what the defendant has to say for himself. The man replies, ""if you are what you eat, then I am the real victim here."""
561,adjudicated,witty,Have you ever tried to catch a fog? I tried yesterday but I mist.'
563,adjudicated,witty,Where was the dripping coming from in the fridge? The leeks.
568,adjudicated,witty,What does a librarian use to go fishing? A bookworm.
570,adjudicated,funny,What’s a horse’s number one priority when voting? The stable economy!
572,adjudicated,witty,How do you make a tissue dance? You put a little boogie in it.
573,adjudicated,witty,What do you call recently-married spiders? Newly-webs.
575,adjudicated,witty,What did the two pieces of bread say on their wedding day? It was loaf at first sight.
576,adjudicated,funny,My wife and I have decided not to have kids. The kids are taking it pretty badly.
577,adjudicated,lame,"I wish my gray hair started in Las Vegas because what happens in Vegas, stays in Vegas."
578,adjudicated,witty,What do you call a fly with a sore throat? A hoarse fly.
579,adjudicated,funny,"In my free time, I like to help blind people. Verb, not adjective. "
580,adjudicated,lame,How can you tell the difference between a dog and tree? By their bark.
581,adjudicated,witty,"A couple is watching TV together... ...and the man keeps switching channels back and forth between golf and porn over and over again.Finally, his partner says ""Jesus Christ,can you stop doing that please? Just leave it on porn! You already know how to play golf."""
582,adjudicated,lame,Why are fish so smart? They live in schools!
583,adjudicated,witty,"Bruce Lee was fast, but he had an even faster brother… Sudden Lee. "
590,adjudicated,witty,Why did the ram run over the cliff? He didn’t see the ewe turn.
591,adjudicated,witty,My wife told me that I twist everything she says to my advantage. I take that as a compliment.
594,adjudicated,lame,What’s the best kind of music to listen to when fishing? Something catchy.
595,adjudicated,funny,What’s the difference between a dad and a grill? A grill runs out out of gas.
596,adjudicated,witty,I told my wife she drew her eyebrows too high She told me she's tired of my repost BS and divorced me. It was definitely a surprise.
598,adjudicated,lame,Why did the computer get glasses? To improve its website.
599,adjudicated,lame,"Denmark: ""We will kill 17 million minks by 2021."" China: ""I killed 20 million in two weeks.""World: ""You killed 20 million minks in 2 weeks??""China: ""Oh no, sorry, I must've misheard you."""
600,adjudicated,witty,Do you know how many people are dead at a cemetery? All of them.
601,adjudicated,lame,"My wife told me she didn't understand cloning. I told her, 'That makes two of us.' "
602,adjudicated,witty,Why did the cowboy adopt a wiener dog? He wanted to get a long little doggy.
603,adjudicated,funny,"I can tolerate algebra, maybe even a little calculus but graphing is where I draw the line. "
604,adjudicated,witty,How does a non-binary samurai kill people? They/Them.
605,adjudicated,lame,You can tell it's a dogwood tree from its bark.
606,adjudicated,witty,What do houses wear? An address.
607,adjudicated,witty,Where do boats go when they’re sick? To the dock.
608,adjudicated,witty,"My wife says nothing rhymes with “orange.” And I said, “No, it doesn’t!”"
610,adjudicated,witty,What kind of milk comes from a pampered cow? Spoiled milk.
611,adjudicated,lame,A buddy asked how many fish I caught. I told him it’s not polite to fish and tell.
613,adjudicated,funny,"My dad said he was going to set me up for life. Of course, I was excited by the idea. Until he blamed me for the murder he committed."
616,adjudicated,witty,"My life highlight was being crowned the hide and seek champion at my school, until they discovered I was cheating I peaked early."
619,adjudicated,witty,Why is success in the shaving industry so difficult? Razor thin margins.
620,adjudicated,funny,I wasn't expecting to be diagnosed as colour blind. It really came out of the purple.
621,adjudicated,witty,I just saw two naked snails fighting over a shell They were slugging it out.
622,adjudicated,witty,I have a joke about perfume... ...but it doesn't make any scents.
623,adjudicated,witty,Why should you never mention the number 288? It's two gross.
625,adjudicated,lame,I tell dad jokes but I have no kids. I’m a faux pa!
627,adjudicated,witty,"What does a Japanese Soldier and a Actor have in common? When they get discovered, their career blows up."
629,adjudicated,witty,Did you hear about the girl who quit her job at the doughnut factory? She was fed up with the hole business.
630,adjudicated,funny,"I love how when you hear certain music, it can really take you places. For instance, the bar I'm currently in are playing Drake so I'm now going somewhere else."
634,adjudicated,lame,What does a dad get in their stocking if they’ve been naughty? Char-coal.
635,adjudicated,witty,"So two men walk into a tie shop The first men asks ""Do you want to have a race to see who can put it on the quickest""  The second man responds ""nah we will probably end up in a tie"
636,adjudicated,witty,Why do cows have bells? Because their horns don’t work.
637,adjudicated,funny,I'm on a seafood diet. I see food and I eat it.'
638,adjudicated,witty,Which friends do you always bring to dinner? Your taste buds.
639,adjudicated,witty,Why was the stadium so hot after the game? Because all the fans left.
640,adjudicated,lame,Did you heard about the giant that threw up? It's all over town!
641,adjudicated,witty,"Dad, can you put the cat out? I didn't know it was on fire."
643,adjudicated,witty,"Soaking a twig in coke is nice, but soaking a twig in fanta... Fanta stick."
644,adjudicated,witty,Why don't British people pronounce the letter 't'? Because the Americans threw it in the ocean.ALTERNATE punchline: Because they drank it all.
645,adjudicated,funny,What kind of music do chiropractors like? Hip pop.
647,adjudicated,witty,"Johnny and Ruth are mountain biking down a hill... ...Ruth hits a tree.  Johnny continues, ruthlessly."
648,adjudicated,funny,What do you call an old snowman? Water.
649,adjudicated,witty,How does a penguin build a house? Igloos it together.
650,adjudicated,funny,"The creator of the USB flash drive died today. He was lowered into his coffin, flipped over, and then lowered again."
652,adjudicated,witty,Where do polar bears keep their money? The snow bank.
653,adjudicated,witty,I can't stand cheese slices... ...but I respect the Kraft
654,adjudicated,funny,What do you call someone with no body and no nose? Nobody knows.
657,adjudicated,witty,"My friend was showing me his tool shed and pointed to a ladder. “That's my stepladder,” he said. ""I never knew my real ladder.”"
658,adjudicated,witty,What concert would cost only 45 cents? 50 Cent featuring Nickelback!
660,adjudicated,witty,Waiter: “And how would you like your steak prepared?” Me: “Guess”Waiter: “Medium rare?”Me: “Well done”Waiter: “Uhhh..”
662,adjudicated,lame,I literally only know two phone numbers 911 and J.G. Wentworth’s.
664,adjudicated,lame,The Somalian Olympics team has just apologised The Somalian Olympics Team has just apologsied to the Olympic Committee after realising that sailing and shooting were 2 separate events!!
665,adjudicated,witty,Why did the orange lose the race? It ran out of juice.
666,adjudicated,witty,Why were the utensils stuck together? They were spooning.
667,adjudicated,lame,I managed to lose my rifle when I was in the army. I had to pay $855 to cover the loss. I’m starting to understand why a Navy captain always goes down with his ship.
668,adjudicated,funny,I filled out a form wrong and accidentally gave a patient a bag of the wrong blood type. It was a Type-O
669,adjudicated,witty,2020 is the most popular year on the internet. It went viral.
670,adjudicated,witty,Why did police arrest the turkey? They suspected fowl play.
671,adjudicated,witty,Dogs can’t operate MRI machines — but cats-can.
672,adjudicated,witty,Why do melons have weddings? Because they cantaloupe.
674,adjudicated,funny,What do you call a crossover between Star Wars and Back to the Future. The Man Delorean
678,adjudicated,witty,My teacher said “we have the ability to clone we just don’t know what kind of rights they should have.” I simply replied “copyright”
679,adjudicated,funny,"A preschool teacher is teaching a student basic geography Teacher: ""what state do you live in?""Student: ""denial."""
680,adjudicated,lame,"I used to be able to play piano by ear, but now I have to use my hands."
681,adjudicated,witty,How do you make the number one disappear? You add “g' and it’s GONE
682,adjudicated,funny,"I once saw a one-handed man in a second-hand store. I told him, “I don’t think they have what you’re looking for, sir.”"
685,adjudicated,lame,What did the ravioli play on his birthday? Pasta Parcel.
686,adjudicated,witty,Why can’t you hear a pterodactyl go to the bathroom? The p is silent.
688,adjudicated,lame,Where did Napoleon keep his armies? Up his sleevies!
689,adjudicated,witty,Did you hear about the outlet who got in a fight with the power cord? He thought he could socket to him.
693,adjudicated,funny,Her: I'm leaving. I am sick of you wearing a different t shirt every half an hour. Me: Wait. I can change.
701,adjudicated,witty,Which days are the strongest? Saturday and Sunday. The rest are weekdays.